id_racuna,id_radnika,cijena_racuna
1,1.405E+12,9
2,2.508E+12,10
3,1.805E+12,3
4,9.06003E+11,7
5,4.04998E+11,5
6,2.706E+12,10
7,2.606E+12,2
8,6.07005E+11,8
9,9.08997E+11,7
10,1.809E+12,8
11,2.60999E+12,8
12,2.20499E+12,7
13,6.03999E+11,7
14,1.803E+12,10
15,2.702E+12,2
16,3.10301E+12,10
17,1.31E+12,4
18,6.08004E+11,10
19,1.809E+12,10
20,1.50801E+12,4
